Codigo_estudiante,Nota_Aritmetica,Nota_Algebra,Nota_Geometria_Plana,Nota_Trigonometria,Nota_Progresiones,Calificacion_Diagnostico,Criterio_Diagnostico,Calificacion_Calculo,Criterio_Calculo
STU0001,70.7,77.8,52.5,36.8,53.3,61.1,Regular,59.7,Satisfactorio
STU0002,58.6,74.6,59.6,54.1,59.3,60,Regular,62.2,Satisfactorio
STU0003,74.3,66,53.4,57.3,63.7,63.1,Regular,53,Bajo
STU0004,86.9,55.5,59.7,88.9,67.2,73.3,Bueno,69.3,Regular
STU0005,59.2,76.1,37,73.1,46.7,54.1,Bajo,57.1,Satisfactorio
STU0006,57.8,69.8,68.8,44.1,71.5,64.6,Regular,56.3,Satisfactorio
STU0007,88.7,71.7,64.7,68.3,27,63.6,Regular,68.1,Regular
STU0008,75.9,67.8,50.4,40.1,52.1,58.1,Regular,58,Satisfactorio
STU0009,59.3,79.8,75.5,79.1,57.1,69.7,Bueno,62.3,Regular
STU0010,71.4,57.1,75.3,58.9,69.1,69.1,Regular,61.8,Regular
STU0011,55,83.5,43.6,59.6,61.9,59.2,Regular,65.9,Regular
STU0012,59.4,66.7,55,77.6,43.4,61.1,Regular,66.4,Regular
STU0013,67.7,91.7,51.3,44.9,47.6,61,Regular,63.5,Satisfactorio
STU0014,36.3,52.1,50,42.8,65.7,50.1,Bajo,49.5,Bajo
STU0015,41.8,90.2,78.1,54.3,63.2,63.4,Regular,60.9,Regular
STU0016,57,66.3,58.7,79.3,57.8,64.2,Regular,62.7,Satisfactorio
STU0017,47,52.4,58.5,40.7,54.6,54.2,Bajo,41,Insuficiente
STU0018,66.9,54.5,34.4,25.3,75.5,52.9,Bajo,61,Satisfactorio
STU0019,48.9,56.3,75.5,56.8,56.5,60.6,Regular,62,Satisfactorio
STU0020,44.7,65.3,47.2,70.3,60.4,59.1,Bajo,56.9,Satisfactorio
STU0021,78.5,72,63.8,81,92.2,81.1,Bueno,76,Bueno
STU0022,59.9,58,68.4,54.2,45,58.7,Bajo,53.2,Bajo
STU0023,60.5,64.5,79.8,55.8,39.1,59.1,Regular,60.7,Satisfactorio
STU0024,43.1,88.7,45.2,82.2,70.8,67.6,Regular,61.1,Satisfactorio
STU0025,58.5,85.4,21.8,39.8,53.8,52.7,Bajo,60.4,Satisfactorio
STU0026,66.8,67.4,66.3,55,61.1,64.2,Regular,60,Satisfactorio
STU0027,45.2,60.9,89.7,64.4,50.6,62.9,Regular,58.4,Satisfactorio
STU0028,70,67.5,76.2,66,58.6,69.4,Bueno,67.3,Regular
STU0029,53.5,68.1,63,54.4,83.2,69.6,Regular,75.1,Bueno
STU0030,56.4,48.6,59.4,66.3,72.5,63.7,Regular,62.7,Satisfactorio
STU0031,54.6,58.3,72.7,30.3,72.9,60.2,Bajo,53.9,Bajo
STU0032,85.6,39.8,47.9,53.2,43.6,57.8,Bajo,61.8,Satisfactorio
STU0033,64.5,70.3,65.8,69.9,45.4,62.5,Regular,64.5,Regular
STU0034,48.7,71.1,69.9,51.4,24.1,54.2,Bajo,58.3,Satisfactorio
STU0035,72.9,58.5,73.5,60.6,49.7,65.7,Regular,71.6,Regular
STU0036,44.3,84.9,85.3,65.5,72.9,74.8,Bueno,85,Excelente
STU0037,63.2,47.4,70.8,58,66.6,60.4,Regular,71.1,Regular
STU0038,38.2,42.7,53.1,67.9,59.9,50.1,Bajo,47.8,Bajo
STU0039,44.1,64.5,63.6,51.2,60.5,55.3,Bajo,62,Regular
STU0040,62.6,77,39.1,58.2,52.8,57.8,Regular,58.9,Satisfactorio
STU0041,69.8,87.3,54.4,74.4,65.2,73.5,Bueno,72.4,Bueno
STU0042,65,58.2,56.9,68.5,77.1,61.3,Regular,56.9,Satisfactorio
STU0043,64,77.4,54.2,56.8,40.6,60.9,Bajo,60.3,Satisfactorio
STU0044,58.7,62.2,64.1,64.4,63.5,63.8,Regular,61.4,Satisfactorio
STU0045,41.6,62.2,52.2,76.1,79.6,57.6,Regular,62.1,Regular
STU0046,52.1,75.7,81,36.7,59,59.5,Regular,63.1,Regular
STU0047,55.8,73.6,59.8,76.6,72,67.7,Bueno,59.7,Satisfactorio
STU0048,79.4,42.4,61.1,61.6,93.8,69.4,Regular,69.3,Regular
STU0049,65,81.1,58.7,71.8,61.6,68.1,Bueno,75.6,Bueno
STU0050,39.5,82.6,64.3,78,71.8,67.6,Regular,64.9,Regular
STU0051,67.4,52.4,72.8,46.1,55.6,57.8,Regular,65.3,Satisfactorio
STU0052,57.2,65,50.9,54.1,64.4,59.5,Regular,60.5,Satisfactorio
STU0053,51.2,70.6,51.3,56.4,71.5,64.1,Regular,65.5,Satisfactorio
STU0054,75.1,69.5,57.7,54.9,66.9,60.5,Regular,65,Satisfactorio
STU0055,74.2,56.9,46.7,84.5,48.5,60,Regular,55.6,Satisfactorio
STU0056,73,55.2,53.8,50,63.5,56.5,Regular,55.2,Satisfactorio
STU0057,52.4,60.7,57.6,52.8,79.4,62.3,Regular,63.2,Regular
STU0058,57.2,82.3,71.5,65.7,66.6,70.8,Bueno,66.5,Regular
STU0059,68.3,74.2,63.5,48.9,77.5,62.1,Regular,61.6,Regular
STU0060,75.5,57.1,66,59,60.9,62.2,Regular,59.8,Satisfactorio
STU0061,54.7,71.1,77.9,67.3,76.7,68.6,Bueno,68,Regular
STU0062,57.9,24.9,63.7,60.8,64.8,53.6,Bajo,61.6,Satisfactorio
STU0063,50.3,76.8,71.5,59.5,49,64.2,Regular,62.6,Satisfactorio
STU0064,44.3,40.1,62.5,53.9,64,51.3,Bajo,46.8,Bajo
STU0065,75,60.8,64.5,42.3,50,55.5,Bajo,64.2,Satisfactorio
STU0066,81.4,50.5,55.3,70.7,56.8,63.8,Regular,59.3,Satisfactorio
STU0067,60.3,45.1,28.5,87.9,67.1,55.6,Bajo,59.9,Satisfactorio
STU0068,72.6,82.9,58,66.5,64.1,69.1,Bueno,72.4,Bueno
STU0069,71.1,56.3,77.9,65.9,46.3,62.6,Regular,64.2,Regular
STU0070,53.5,67,72.1,76,79.1,65.9,Bueno,67.6,Regular
STU0071,68.2,61.5,77.9,47.5,71,65.6,Regular,58.7,Satisfactorio
STU0072,87.7,65.8,75.4,84.1,53.3,76.1,Bueno,70.9,Bueno
STU0073,61.2,66.4,61.3,63.4,40.1,58.2,Regular,61.7,Satisfactorio
STU0074,84.9,43.5,63,89.3,64.3,69.2,Bueno,59.2,Satisfactorio
STU0075,26.1,79.4,54.1,53.8,54,51.7,Bajo,52.6,Satisfactorio
STU0076,74.4,56.9,60.2,91.9,61.9,65.9,Bueno,64.9,Regular
STU0077,60.6,41.7,69.2,69.8,55.8,63.5,Regular,62.3,Satisfactorio
STU0078,61.4,54.3,78.3,72.6,35.2,59.6,Regular,66,Regular
STU0079,67,81.7,61,64.2,57.6,63.9,Regular,67.6,Regular
STU0080,35.9,71.4,57.5,62.1,62,55.6,Bajo,63,Regular
STU0081,58.7,60.2,65.6,83.5,72.7,65.8,Regular,62.7,Satisfactorio
STU0082,68.3,55.7,72.3,64.8,51.9,63.9,Regular,62.9,Regular
STU0083,79.6,55.7,45.2,34.7,85.7,63.1,Regular,62.1,Satisfactorio
STU0084,53,90.1,32.6,47.2,38.3,55.1,Bajo,49.8,Bajo
STU0085,54.2,70.8,57.8,59.5,83.6,64.5,Regular,64.7,Regular
STU0086,56.4,67.5,48.2,69.5,63,61.9,Regular,71.9,Regular
STU0087,78.1,80.4,58.5,62.5,77,70.1,Bueno,68.9,Regular
STU0088,66,69.6,59,78.3,67.1,64.8,Bueno,66.6,Regular
STU0089,58.6,61,54.9,35.6,81.1,59.3,Bajo,58.7,Satisfactorio
STU0090,70.1,59.6,83.8,65.2,56.2,70.6,Regular,65.7,Regular
STU0091,62.8,59.3,67.3,38.3,50.3,56.4,Bajo,47.7,Bajo
STU0092,78.3,64.1,68,77.2,83.8,74.5,Bueno,70.4,Regular
STU0093,55.8,69.7,70.7,60.5,59.5,64.2,Regular,60.6,Satisfactorio
STU0094,58.3,63.1,46.3,69.2,68.7,62.4,Regular,69.6,Regular
STU0095,56.8,72.3,78.3,48.6,78.7,69.7,Bueno,70.2,Regular
STU0096,44.9,63.7,64.3,83.1,50.2,61.4,Regular,55.2,Satisfactorio
STU0097,70.1,63.9,72.8,72.9,74.1,71,Bueno,70.4,Bueno
STU0098,63.8,34.8,49.8,73.5,54,52.8,Bajo,50,Bajo
STU0099,62.6,77.2,40.8,63.4,62.4,61.1,Regular,57.1,Satisfactorio
STU0100,61.5,70.6,73.1,72.5,63.4,69.9,Regular,67.7,Regular
STU0101,43.7,80.3,69.3,55.6,44.8,53.8,Bajo,62.8,Satisfactorio
STU0102,55.3,24.6,49.8,72.4,51.9,52,Bajo,54.6,
STU0103,59.4,85.7,49.4,80.9,84.6,71.4,Bueno,70.7,Bueno
STU0104,54,64.1,76.1,76.8,72.1,71.5,Bueno,66.9,Regular
STU0105,62.8,80.9,48.7,51.3,61,60.1,Regular,63,Satisfactorio
STU0106,65.6,49.5,82.2,68.3,67.2,67.6,Regular,69.8,Regular
STU0107,86,71.2,52.4,43.5,59.8,62.7,Regular,55.8,Satisfactorio
STU0108,64.5,50.9,68.1,69.7,82.8,70.3,Bueno,65.6,Regular
STU0109,65.6,54.4,56,66.9,62.6,63.1,Regular,58.6,Satisfactorio
STU0110,60.3,93.4,70.6,36.7,63.4,66.3,Regular,63.2,Regular
STU0111,38.7,58.1,58,47.9,75.9,58,Bajo,55.2,Bajo
STU0112,61.1,64.3,59.9,57.9,52.3,61.9,Regular,72.9,Regular
STU0113,66.1,71.4,63,59.6,84.4,65.6,Bueno,71.5,Regular
STU0114,89.1,69.7,48.9,49.2,40.6,56.8,Regular,52.9,Bajo
STU0115,59.1,62,71.3,70.9,84.3,69.5,Bueno,70.3,Regular
STU0116,65.3,64.6,53.4,66.8,60.5,59.7,Regular,63,Regular
STU0117,65.1,85.8,57.5,60.3,59.1,67.3,Regular,77.7,Bueno
STU0118,48.1,60.1,52.3,53.8,37.9,49.7,Bajo,45,Bajo
STU0119,79.8,66.8,27.7,77.6,58.6,61.6,Regular,56.4,Satisfactorio
STU0120,75.8,77.2,61,81.4,49.7,68.4,Bueno,71.6,Bueno
STU0121,77.7,76.5,93.2,53.6,56.9,71.2,Bueno,67.3,Regular
STU0122,47.9,79,72.8,57.4,59.4,65.9,Regular,59.1,Satisfactorio
STU0123,84.6,74.1,66,69.8,75.4,75.9,Bueno,69,Regular
STU0124,44.3,47.4,59.8,58.8,65.4,57.1,Bajo,56.6,Satisfactorio
STU0125,68.1,80.8,64.2,62.7,66.1,70.2,Bueno,76.4,Bueno
STU0126,93.4,46.4,69.1,76.8,49.7,67.8,Regular,61.5,Satisfactorio
STU0127,52.3,70,45.5,38.6,50.2,51.9,Bajo,51.4,Bajo
STU0128,56.9,51.5,75,77.8,88.3,69.5,Bueno,73.1,Regular
STU0129,65.8,59.4,76.6,66.9,54.8,66.6,Regular,66.2,Regular
STU0130,55.7,68,69.5,55.4,86.9,69.6,Bueno,69.2,Regular
STU0131,41.6,69.1,68,62.4,59.4,60.4,Regular,63.3,Satisfactorio
STU0132,60.7,66.7,65.8,59.9,63.1,61.5,Regular,65.8,Regular
STU0133,49.1,89.3,73.9,39.4,76.3,66.3,Regular,69,Regular
STU0134,66.8,65.4,70.8,86.2,82.2,78.6,Bueno,73.1,Bueno
STU0135,52.7,59.2,59.7,63.2,60.5,56.6,Regular,53.3,Bajo
STU0136,88.5,79.1,52.8,66.1,57.1,67.6,Bueno,67.4,Regular
STU0137,54.3,75.4,65,76.8,62.1,70.2,Regular,71.5,Regular
STU0138,57.1,48.6,83,50.6,68.4,62.6,Regular,65.5,Regular
STU0139,72.2,72.7,45.9,69.6,73.7,63.9,Regular,62.4,Regular
STU0140,47.9,76.2,44.3,58.8,66.2,56.9,Bajo,53.3,Bajo
STU0141,67.3,57.2,68.1,77.9,69.5,67.2,Regular,63.3,Regular
STU0142,81.2,83.9,61.4,33.1,83.3,70.8,Bueno,70.8,Regular
STU0143,41.9,63.7,62.3,64.1,64.7,59.8,Regular,66.4,Regular
STU0144,65.2,62,64.6,53,66,62.3,Regular,59.5,Satisfactorio
STU0145,68.4,60.7,61.8,65.1,40.4,62.8,Regular,62.3,Regular
STU0146,70.1,65.5,82.5,66.1,28.9,62,Regular,65.3,Regular
STU0147,44.1,45.7,39.3,53.6,65.5,49.5,Bajo,52,Bajo
STU0148,43.5,45.8,51.3,55,64.3,53.5,Bajo,49.1,Bajo
STU0149,71.3,82.4,64.6,62.8,55.8,64.6,Regular,71.5,Regular
STU0150,66.1,49.4,40.3,52.4,69.8,53,Bajo,59.8,Satisfactorio
STU0151,63.6,49.5,57.7,71.9,58.7,63.7,Regular,70.7,Bueno
STU0152,68.4,34,84.2,55.6,74,62.7,Regular,61.4,Satisfactorio
STU0153,54.3,52.9,65.1,24.8,65.2,53.1,Bajo,55.4,Satisfactorio
STU0154,68.1,47.4,69.7,54.8,53.3,58.4,Bajo,54.2,Satisfactorio
STU0155,69.1,80.9,44.5,51.2,77.1,62,Regular,57.8,Satisfactorio
STU0156,53.5,75.7,56.7,38.7,61.9,54.3,Bajo,56.1,Satisfactorio
STU0157,87.1,53.6,59.7,48,72.3,65.5,Regular,61.9,Regular
STU0158,70.6,94.4,55.6,61.7,53.9,64.1,Bueno,83.9,Bueno
STU0159,47.5,74.1,78.5,84,52.3,69.8,Bueno,68.9,Regular
STU0160,71.6,58,69.9,70.3,61.4,68.2,Regular,63.9,Satisfactorio
STU0161,47.7,27.8,46.1,52.9,62.1,48.7,Bajo,52.6,Bajo
STU0162,74.4,91.3,68.1,67.4,69.5,77.2,Bueno,66.4,Regular
STU0163,77,46.3,67,56.8,59.5,61.1,Regular,59.1,Satisfactorio
STU0164,52.8,40,77.8,55,36.6,50.8,Bajo,51.7,Bajo
STU0165,73,73.7,82.4,45.6,55.9,67,Bueno,71,Regular
STU0166,66.6,93.4,47.2,37.7,77.6,61.9,Regular,71.4,Regular
STU0167,75.5,79.5,54,55.7,56.8,64.9,Regular,66.1,Satisfactorio
STU0168,90.7,69.7,43.6,64.2,61.3,65,Regular,65,Regular
STU0169,57.8,74.1,58.1,61.4,72.4,66.9,Regular,61.4,Satisfactorio
STU0170,50.3,77.8,65.9,56.2,56,62.8,Regular,55.1,Satisfactorio
STU0171,53.4,72.6,77.6,49.6,44.3,56.2,Regular,56.8,Satisfactorio
STU0172,49.3,64.9,64.5,69.2,64,65.9,Regular,57.9,Satisfactorio
STU0173,62,62.5,57.5,45.5,57.9,54.2,Bajo,55.9,Satisfactorio
STU0174,68,64.5,62.9,71.9,51.5,66.6,Regular,58,Satisfactorio
STU0175,65.6,54.2,49.1,51.4,61.1,53.5,Bajo,59.3,Satisfactorio
STU0176,73,59.9,92.3,50,70.3,66.1,Bueno,79.6,Bueno
STU0177,65.2,42.2,40.6,43.8,60.3,50.3,Bajo,42,Insuficiente
STU0178,85.5,59.1,63.5,54.5,64.6,64.7,Regular,57.5,Satisfactorio
STU0179,61.9,52.2,85.8,75.2,84.6,72.7,Bueno,75,Regular
STU0180,93.7,47.1,63.6,72.3,58.4,69.1,Regular,65.4,Regular
STU0181,73.3,63.3,61.7,76.6,70.4,71.3,Bueno,69.9,Regular
STU0182,51.5,80.9,59.5,68.5,53.9,61.5,Regular,64.7,Satisfactorio
STU0183,48.7,78.7,62.3,45.5,53.6,56.8,Bajo,55.2,Satisfactorio
STU0184,68,41.5,86,59.7,55,64.1,Regular,64,Satisfactorio
STU0185,63.1,52,33.5,54.6,56.1,49.3,Bajo,53.2,Satisfactorio
STU0186,75.1,78.5,87.4,79.7,66.3,80.1,Bueno,64.1,Regular
STU0187,72.8,49.5,42.8,44.9,87.9,57.9,Regular,59.3,Satisfactorio
STU0188,59.8,62.8,56.8,74.7,51.5,62.3,Regular,61.9,Satisfactorio
STU0189,51.4,68.6,59.9,78.7,59,64.7,Regular,55.8,Satisfactorio
STU0190,43.9,47.3,72.2,90.8,60.1,61.5,Regular,70.5,Regular
STU0191,56.6,62.9,42.7,54.3,64.7,56.8,Bajo,56.7,Satisfactorio
STU0192,73.1,47.1,72.8,74.6,66.8,62.9,Regular,63.8,Regular
STU0193,64.1,55.3,91.5,91.3,76,80.1,Bueno,75.5,Bueno
STU0194,45.8,67.8,43.5,54.7,29,46.4,Bajo,46.3,Bajo
STU0195,67,41.1,62.6,43.6,30.4,48.4,Bajo,39.7,Insuficiente
STU0196,71,67.3,51.6,39,57.9,54,Bajo,57.1,Satisfactorio
STU0197,49.1,62.8,70.7,69.6,78.3,66.5,Regular,72.3,Regular
STU0198,64.4,73.1,64,35.6,43,54.7,Bajo,55.2,Satisfactorio
STU0199,61.8,68.7,51.5,58.3,23.1,55.4,Bajo,50.9,Bajo
STU0200,47.5,82.9,67,69.4,72.7,66.8,Bueno,70.2,Regular
STU0201,70.3,67.1,91.9,63.8,65.1,70.5,Bueno,66.2,Regular
STU0202,68.2,56.7,58,71,50.4,62.6,Regular,61.6,Satisfactorio
STU0203,77.4,61.5,76.4,68.8,50,63,Regular,68.2,Regular
STU0204,77.2,73.9,47.3,75.9,47.3,68.2,Regular,64.7,Regular
STU0205,43.7,61.1,50.3,50.1,64.6,53.5,Bajo,67.9,Regular
STU0206,53,64.9,67.8,55.6,53.5,55.3,Bajo,64.9,Satisfactorio
STU0207,68.6,53.9,79.6,54.5,68.2,63.3,Regular,67.5,Regular
STU0208,68.5,54.1,66.9,71.2,24.3,61.1,Bajo,53.1,Satisfactorio
STU0209,68.5,43.2,60.6,73.8,52,58.9,Regular,57.7,Satisfactorio
STU0210,88.4,81.8,66.2,65.4,48.3,68.4,Bueno,69.3,Regular
STU0211,70.2,45,44.2,79.8,60.7,59.2,Regular,58.7,Satisfactorio
STU0212,76,51.9,71.7,45.4,58.1,60.9,Regular,59.4,Satisfactorio
STU0213,77.4,54.1,75.8,83.7,74.7,73.1,Bueno,74,Regular
STU0214,72.8,77.4,59.6,82.6,37.2,64.2,Regular,67.1,Regular
STU0215,59.5,56.6,56.5,73.1,67,63.3,Regular,64.7,Regular
STU0216,74.1,79.1,66.3,86,68.5,72.8,Bueno,75.8,Bueno
STU0217,49.9,56.8,59,42.9,86.6,55.9,Bajo,61.5,Satisfactorio
STU0218,57,70,59.1,56.8,59,60.3,Regular,59.5,Satisfactorio
STU0219,57.8,52.8,87,52.8,68.8,62.9,Regular,59.9,Satisfactorio
STU0220,65.7,90.9,62.2,75.3,37.9,67.3,Regular,59.5,Satisfactorio
STU0221,87.9,49,57.7,50.1,29.1,55,Bajo,60.8,Satisfactorio
STU0222,37.6,70.6,53.5,69.6,73.6,59.2,Regular,58.8,Satisfactorio
STU0223,74.4,73.8,72.1,82.3,60.6,69,Bueno,72.4,Regular
STU0224,42.4,66.5,62.1,69.8,79.6,63.1,Regular,62.9,Satisfactorio
STU0225,55.8,60.8,53.7,69.3,43.3,54.3,Bajo,71.9,Regular
STU0226,81.2,64.5,79.6,49.1,69.7,69.9,Bueno,63.8,
STU0227,63.2,63.6,77.7,53.7,86.3,70.6,Bueno,68.5,Regular
STU0228,47.3,59.7,51.9,83.2,71.7,61,Regular,63.9,Regular
STU0229,54.7,79.6,39.5,70.3,69,62.7,Regular,66.1,Regular
STU0230,73.3,94.3,76.4,65.5,61,75,Bueno,76.8,Bueno
STU0231,50.9,54.5,53.6,58.5,42.6,51.3,Bajo,57.1,Satisfactorio
STU0232,64.7,44.2,71.8,35.8,85.3,59.8,Regular,59.3,Satisfactorio
STU0233,65.9,60.5,37.6,48.4,57.2,53.3,Bajo,46.9,Bajo
STU0234,55.1,88.4,72.6,84.6,71.9,76.4,Bueno,77.3,Bueno
STU0235,85.1,49.7,46.4,44,41.8,54.5,Bajo,59.3,Satisfactorio
STU0236,69.5,88.7,70.2,63.5,46,72,Bueno,79.4,Bueno
STU0237,36.6,87,66.1,72.9,81.9,70.2,Bueno,63.1,Satisfactorio
STU0238,65.9,54.9,50,43.9,58.3,52.1,Bajo,58.2,Satisfactorio
STU0239,55.8,67.3,60,63.2,83.7,63.3,Regular,64.1,Regular
STU0240,72,82.2,73.8,79.2,62.6,76.6,Bueno,76,Bueno
STU0241,53.2,54.8,63.4,60.9,39.7,53,Bajo,52.1,Satisfactorio
STU0242,61.5,59.5,68.8,93.3,75,72.3,Bueno,70.4,Regular
STU0243,70.8,57.8,94.4,42.1,52.2,61.7,Regular,62,Regular
STU0244,75.3,50.3,41.9,77.8,75.6,62.1,Regular,68.2,Regular
STU0245,46.2,53.3,88.1,63.6,61.4,62.3,Regular,69.6,Regular
STU0246,55.3,48.8,63,69.5,43.4,59.3,Bajo,59.3,Satisfactorio
STU0247,57.8,66.3,49.8,72.3,65.1,57.7,Regular,56.3,Satisfactorio
STU0248,53.5,53.7,44.4,52.9,90.7,61.4,Regular,49.7,Bajo
STU0249,87.3,68.4,61.3,66.7,67.1,68,Bueno,71.3,Bueno
STU0250,72.2,42.4,75.6,39.9,63.9,55.5,Bajo,61.5,Satisfactorio
STU0251,45.8,69.6,64.6,73.2,73.4,62.5,Regular,57.3,Satisfactorio
STU0252,75.5,77.5,83,67.4,63.3,76.4,Bueno,70.9,Regular
STU0253,93.5,36.8,42.3,71.8,66.7,62.1,Regular,59.6,Satisfactorio
STU0254,74.5,65.1,59.7,74.8,49.3,65.3,Regular,60.4,Satisfactorio
STU0255,43.6,76.6,48.5,64.9,66.4,59.5,Regular,55.8,Satisfactorio
STU0256,54,46,67,68.1,76.8,65,Regular,56,Satisfactorio
STU0257,80,83.9,78.8,53.5,50.5,72,Bueno,70,Regular
STU0258,56.3,65.2,55.8,54.3,84.1,64.1,Regular,57.9,Satisfactorio
STU0259,67.8,55.3,28.9,82.5,60.7,56.5,Bajo,52.2,Bajo
STU0260,77.4,65.1,62.3,84.3,49.5,66,Regular,77.1,Bueno
STU0261,52.1,73.5,68,58,75.2,65,Regular,74.5,Regular
STU0262,59,61.9,70,60.2,58.5,62.9,Regular,58.3,Satisfactorio
STU0263,18.6,69.1,83,51.7,69.8,60.4,Regular,60.7,Satisfactorio
STU0264,49.5,50.9,47.9,75,60.8,59.6,Bajo,61.1,Satisfactorio
STU0265,57,64.2,73.9,69.5,59.7,63.7,Regular,68.3,Regular
STU0266,47.4,42.7,79.4,85.8,67.9,63.6,Regular,60.8,Satisfactorio
STU0267,88.1,61.2,36.9,48.7,70.3,63,Regular,68.3,Regular
STU0268,42.6,49,69.5,57.9,34.7,49.8,Bajo,48.5,Bajo
STU0269,56.5,53,57.5,65.6,46.9,53.7,Bajo,49.3,Bajo
STU0270,62.9,82.7,62.2,75.6,77.7,68.9,Bueno,69.9,Bueno
STU0271,86.1,78.6,65.4,62.1,60.8,68,Bueno,74.7,Bueno
STU0272,45.1,72.4,54.6,50.9,59,54.1,Bajo,70.8,Regular
STU0273,76.6,49.9,51.1,76,45.5,62.4,Regular,55.9,Satisfactorio
STU0274,60.5,55.5,64.4,73.2,47.2,58.7,Regular,63.8,Regular
STU0275,50.4,80.2,47.3,53.4,35.2,53.6,Bajo,49.2,Bajo
STU0276,72.4,64.3,48.4,80,64.6,64.5,Regular,68.1,Regular
STU0277,65.2,89,70.8,76.1,56.3,69.7,Bueno,65.7,Regular
STU0278,57.5,71.7,48.4,62.8,48.8,55.3,Bajo,51.3,Bajo
STU0279,64.4,68.2,73.4,64.5,64.9,67.6,Regular,61.4,Satisfactorio
STU0280,56.3,55.6,65.9,69.4,68.5,63.9,Regular,63.1,Regular
STU0281,67.3,65.4,38.2,52,89.3,61.5,Regular,61.3,Satisfactorio
STU0282,73,62.1,56.7,66.8,41,60,Regular,61.4,Satisfactorio
STU0283,86.3,69,81.2,34.2,75.4,67.1,Bueno,77,Bueno
STU0284,44.7,76.3,49.8,77.9,79.7,62.9,Regular,67.3,Regular
STU0285,90.6,51.1,55.1,43.5,51.8,61.1,Regular,64.1,Regular
STU0286,36,42.7,72.6,87.4,67.3,61.6,Regular,63.6,Satisfactorio
STU0287,58.2,39.3,75.4,56.9,57.1,55.8,Bajo,54.7,Bajo
STU0288,71,73.5,62.5,57.4,68.1,65,Regular,72,Regular
STU0289,67.9,46,57.9,53.5,79.1,61.1,Regular,56,Satisfactorio
STU0290,57.3,34.2,84.4,57.6,67.4,61.8,Regular,63.2,Regular
STU0291,62.2,67.8,86.8,77.8,69,74.6,Bueno,83.9,Bueno
STU0292,58.5,92.7,78.3,28.3,56.8,61.7,Regular,66.6,Regular
STU0293,52.8,61.4,67.2,78.4,42.8,63.9,Regular,54.6,Satisfactorio
STU0294,74.6,77.1,49.5,64.9,59.1,66,Regular,62.2,Satisfactorio
STU0295,66.7,63.8,54.3,46.6,76.6,62.2,Regular,71.3,Regular
STU0296,51.9,63.7,71.9,50.3,43.2,53.7,Bajo,54.4,Satisfactorio
STU0297,77.6,72.2,65.8,82.1,50.2,71.1,Bueno,67.2,Regular
STU0298,65.1,62.2,85.9,50.4,61.8,64.3,Regular,68,Regular
STU0299,77.2,65.4,69.2,48.1,48.2,58.7,Regular,67.2,Regular
STU0300,71.3,68.9,41.3,77.7,51.5,60.4,Regular,64.4,Regular
STU0301,49.4,53.8,80.1,66.1,55.4,62.8,Regular,58.2,Satisfactorio
STU0302,52.9,78.3,46.9,52.3,46,57.2,Bajo,51.5,Bajo
STU0303,71.8,63,58.2,65.1,52.2,58.8,Regular,63.1,Regular
STU0304,71.2,50.1,67,46.5,71.1,61.5,Regular,67.3,Regular
STU0305,60.1,70.8,93.3,82.1,45,69,Bueno,66.4,Regular
STU0306,61.8,53.2,87.7,80,39.8,62.5,Regular,69.4,Regular
STU0307,78.4,64.7,71.4,67.7,54.7,69,Bueno,67.4,Regular
STU0308,53,64,62.7,66.3,70.2,66.7,Regular,61.7,Satisfactorio
STU0309,73.2,79,70.6,84.4,59.3,72.1,Bueno,70.8,Regular
STU0310,58,69.6,71,62.1,59.1,63.6,Regular,61.6,Satisfactorio
STU0311,58.8,65.7,60.8,45.2,65.5,56.2,Bajo,58.6,Satisfactorio
STU0312,76.6,72.4,87.1,70.6,40.7,73.1,Bueno,76.7,Bueno
STU0313,72.9,77.8,63.4,87.3,67.4,74.9,Bueno,74.6,Bueno
STU0314,70.6,69.2,69.3,51.4,68.6,66.6,Regular,64.5,Regular
STU0315,80.2,64,68.2,60.6,58,69.6,Regular,61.6,Regular
STU0316,60.3,46.4,66,70.2,73.1,62.7,Regular,61.2,Regular
STU0317,76.1,46.1,72.5,63.6,46,62.5,Regular,52,Satisfactorio
STU0318,61.3,57.5,54.4,52,80.5,63.3,Regular,59.3,Satisfactorio
STU0319,68.9,54.2,56.7,79.9,63.3,67.4,Regular,60.5,Regular
STU0320,58.8,59.4,47.7,86.1,60.5,66.6,Regular,68,Regular
STU0321,62.2,67.1,68.3,62,60.3,64.9,Regular,69.3,Regular
STU0322,68.4,69.4,76.7,53.1,58.7,64.2,Regular,57.8,Satisfactorio
STU0323,49.8,61.6,69,42.4,81.1,61.4,Regular,63.8,Regular
STU0324,89,66.5,86.1,65.7,47.8,71.3,Bueno,71.3,Bueno
STU0325,50.9,63.8,65.7,78.9,52.8,60.3,Regular,59.1,Satisfactorio
STU0326,46.1,35.3,72,68.4,80.7,61.9,Regular,61.2,Satisfactorio
STU0327,78.9,52.9,50.2,64.5,52.1,60.1,Regular,56.8,Satisfactorio
STU0328,76.2,60.3,59.2,56.8,75,68.1,Regular,69.1,Regular
STU0329,73.7,49.1,75.5,49.1,83.1,64.4,Regular,67,Regular
STU0330,73.1,67.7,75.3,77.7,56.8,72.8,Bueno,63,Satisfactorio
STU0331,62.8,80.2,59.1,73.6,68.2,73.5,Bueno,69.9,Regular
STU0332,51.5,80.1,62.7,40.2,46.3,55.7,Bajo,56.4,Satisfactorio
STU0333,61.7,57.1,41,89.1,72.1,68.1,Regular,67.8,Regular
STU0334,56.5,82.2,57,73.8,66.5,66.6,Regular,72.7,Regular
STU0335,79.4,65.6,72.9,85.8,72.6,74.7,Bueno,66.6,Regular
STU0336,59.9,57.3,71.9,44.4,57.2,57,Bajo,53.1,Satisfactorio
STU0337,51.2,52.4,68,46.4,38.8,54.8,Bajo,49.8,Bajo
STU0338,61,62.1,64.2,62.4,69.9,61.9,Regular,61.8,Satisfactorio
STU0339,71.4,57.4,64.2,68,34.6,56.6,Regular,56.1,Satisfactorio
STU0340,55.8,64,55.4,89.1,56.8,64.5,Regular,65.4,Regular
STU0341,50,62.6,69.1,73.1,77.2,66.9,Bueno,63.7,Satisfactorio
STU0342,65.5,61.6,67.2,60.6,68,65.2,Regular,69.2,Regular
STU0343,63.4,70.1,72.3,51.7,87.9,67.6,Bueno,62.1,Satisfactorio
STU0344,58.8,79.9,57.1,78,75.9,70.6,Bueno,69.1,Regular
STU0345,53.6,76.2,33.2,52,54.3,56.9,Bajo,52.6,Bajo
STU0346,62.7,43.5,81.8,89.4,64.2,69.6,Regular,78.5,Bueno
STU0347,42.2,28.7,57.9,56.5,65,47.5,Bajo,49.8,Bajo
STU0348,42.1,74.7,49.5,79.9,42.6,56.4,Regular,50.1,Bajo
STU0349,54,45.3,72,74.9,50,58.3,Regular,48.1,Bajo
STU0350,57.9,60.4,59,62.8,57.3,61.8,Regular,60.1,Satisfactorio
STU0351,68.9,44.8,76.8,56.9,35.2,58.9,Bajo,59.8,Satisfactorio
STU0352,81.8,38.7,72.1,55.2,60.9,62.1,Regular,64.2,Regular
STU0353,73.6,72.6,73.1,72.3,59.8,68.8,Bueno,72,Regular
STU0354,57.7,69.9,43.5,63.8,38.8,58.9,Bajo,59.9,Satisfactorio
STU0355,65.4,53.4,81.3,52.7,65.1,66.7,Regular,62,Satisfactorio
STU0356,46.8,28.1,63.8,60.2,73.7,56.8,Bajo,61.5,Satisfactorio
STU0357,60.9,56.3,57.9,64.1,65.5,58.8,Regular,51.1,Bajo
STU0358,59.7,65.8,63,34,55.7,58.9,Bajo,55.3,Bajo
STU0359,64.7,43.3,37.5,66.2,74.4,55.4,Bajo,50.1,Bajo
STU0360,51.8,64.6,65.3,52.4,72.4,60.3,Regular,58.8,Satisfactorio
STU0361,68.5,65.3,50.2,48.2,64.9,60.8,Regular,61,Satisfactorio
STU0362,79.4,74.7,42.3,39.4,50,59.6,Bajo,62,Satisfactorio
STU0363,59.9,62.2,41.3,40.3,64.9,53.2,Bajo,54.1,Satisfactorio
STU0364,66.4,47.9,77,46.7,79.2,67,Regular,60.5,Satisfactorio
STU0365,73.1,83,55.4,55.7,53.1,59.7,Regular,65,Satisfactorio
STU0366,54.7,60.7,85.6,93.6,90,73.8,Bueno,68,Regular
STU0367,69.3,65.6,56.4,57.2,57.6,60.7,Regular,63.2,Regular
STU0368,60.2,50.9,38.1,66.7,63.6,58.2,Bajo,54.2,Satisfactorio
STU0369,60.9,56.4,48.7,67.3,56.2,55.8,Bajo,56.1,Satisfactorio
STU0370,52.9,50.6,78.6,67.9,64.7,64.6,Regular,68.3,Regular
STU0371,61.1,58.6,60.5,61.8,41,55.5,Bajo,53,Bajo
STU0372,69.7,88.2,57.9,46.2,58.4,61,Regular,58.9,Satisfactorio
STU0373,87.2,44.4,68.4,84.6,47.1,67.8,Regular,57.4,Satisfactorio
STU0374,80.1,42.4,67.9,89.2,67.7,68.9,Bueno,69.2,Regular
STU0375,86.6,84.6,75.6,38.5,77,70.2,Bueno,76.5,Bueno
STU0376,49.9,62.9,80.8,49.2,72.6,62.3,Regular,65.1,Regular
STU0377,78.9,56,56.8,58.1,29.4,53.8,Bajo,63.6,Regular
STU0378,64,78.8,47.1,48.4,88.6,68.8,Regular,56.3,Satisfactorio
STU0379,85.4,54.8,57.8,70.2,69.2,68.8,Bueno,71.6,Regular
STU0380,54.7,85,67.1,51.3,50.5,64.4,Regular,58.8,Satisfactorio
STU0381,51.8,69.1,51.6,88.2,64.3,67.3,Regular,65.7,Regular
STU0382,54,54.9,51.1,77.8,66.1,59.7,Regular,60.3,Satisfactorio
STU0383,32.8,92.1,68.6,69.1,56.3,62.3,Regular,59.8,Satisfactorio
STU0384,53.8,57.8,63.2,78.2,69.2,65.8,Regular,71.4,Regular
STU0385,52.8,73.8,63.2,77.1,57.8,64.6,Regular,64.7,Regular
STU0386,64.9,65.7,53.9,53.7,55.8,59.4,Regular,56.5,Satisfactorio
STU0387,70.4,84.9,58.1,50.2,56,64.4,Regular,72.5,Regular
STU0388,90.4,81.5,50.4,65.1,44.3,69.8,Regular,60.6,Satisfactorio
STU0389,74.6,60.1,72.1,78.6,62.1,68.5,Bueno,62.8,Regular
STU0390,55.5,53.4,78.7,68,73,66,Regular,54.5,Satisfactorio
STU0391,49.5,69.4,39.9,39.6,66.5,52.3,Bajo,48,Bajo
STU0392,69.3,51.1,52.8,52.9,76.3,62.1,Regular,63.2,Satisfactorio
STU0393,44.6,87.2,42.4,64.4,65.1,60.5,Regular,62.7,Satisfactorio
STU0394,86,66.6,55.2,59.1,57.1,65.1,Regular,62.7,Regular
STU0395,77.1,60.9,64.3,94.5,73.2,73,Bueno,68.9,Regular
STU0396,53.8,65.3,44.7,44.3,43.8,53.3,Bajo,55.9,Satisfactorio
STU0397,38.5,45,50.3,70.3,53.4,53.1,Bajo,52.6,Bajo
STU0398,83.9,52.4,47.6,78.7,48.4,60.3,Regular,67.9,Regular
STU0399,58.3,81.9,62.5,85.1,75.8,70.8,Bueno,65.8,Regular
STU0400,81.8,54.5,63.3,60.3,74.7,62.7,Regular,69.9,Regular
STU0401,40.1,46.7,50.6,66.1,69.4,53.6,Bajo,49.8,Bajo
STU0402,57,70.4,63.8,72.7,76.3,66.5,Bueno,68.4,Regular
STU0403,62.6,76.6,55.6,69.2,53.9,63.9,Regular,62.2,Regular
STU0404,65.5,71.6,61.2,62.9,65.1,63.4,Regular,68.4,Regular
STU0405,57.4,80.4,85.8,67.6,63.9,71.5,Bueno,66.7,Regular
STU0406,68.1,49.9,85.2,28,75.5,62.4,Regular,60,Satisfactorio
STU0407,46.3,41.6,45.1,73.4,59.5,55.8,Bajo,47.1,Bajo
STU0408,62,81.8,76.3,66.9,55.1,71.2,Bueno,73.3,Bueno
STU0409,66.6,61.6,77.8,62.2,67.4,67.1,Regular,61.3,Regular
STU0410,69.3,60,47.1,89.8,72.7,70,Bueno,74.6,Bueno
STU0411,69.4,76.9,70.8,54.4,52.3,67.3,Regular,64.7,Regular
STU0412,49.4,69.8,86.7,58.6,59.7,66.5,Regular,65,Satisfactorio
STU0413,44.3,65.8,47.8,90.8,47,57.4,Regular,57.2,Satisfactorio
STU0414,78.5,87.3,49.7,53.8,28.1,60.1,Regular,65.9,Regular
STU0415,68,57.1,79.9,53.9,69.4,64.6,Regular,60.6,Satisfactorio
STU0416,55.5,71.6,68.7,62.3,72.8,67.4,Regular,72.2,Regular
STU0417,81.8,60.5,72.6,73,64.7,69,Bueno,70.7,Regular
STU0418,66,67.9,66,63.5,38,61.1,Regular,49.1,Bajo
STU0419,76.2,79.1,66.3,46.1,57.7,65.7,Regular,67.4,Regular
STU0420,63.6,68.2,46.8,54.1,32.7,50.9,Bajo,50.7,Bajo
STU0421,92.3,69.5,78.9,53.5,79.1,78,Bueno,74.8,Bueno
STU0422,86.6,78.6,75,59.7,47.3,69,Bueno,65.6,Regular
STU0423,56.9,56.8,58.4,66,82,63,Regular,71.8,Regular
STU0424,77.4,52.6,59.1,65.9,74.1,65.2,Regular,66.1,Regular
STU0425,68.1,48.9,42.9,40.5,49.2,49.2,Bajo,50.4,Bajo
STU0426,85.8,35.1,73.7,75.6,45.2,63,Regular,67.5,Regular
STU0427,48.8,86.8,70.4,63,71.1,68.9,Bueno,71.5,Bueno
STU0428,69.3,49.8,60.1,81.2,52.2,65.7,Regular,60.5,
STU0429,80.2,61.3,80,66.1,63.2,67.5,Bueno,68.1,Regular
STU0430,38.7,58.8,56.3,74.4,59.5,57.1,Bajo,52.8,Bajo
STU0431,46.8,68.7,72.1,70.4,38.4,59.7,Regular,54.1,Satisfactorio
STU0432,35.8,77.6,47.7,83.1,33.1,53.4,Bajo,52.7,Bajo
STU0433,62.3,75.7,59.6,68.9,64.8,65.6,Regular,69.3,Regular
STU0434,73.3,53.6,63.3,63.2,56.8,61.6,Regular,56.4,Satisfactorio
STU0435,87.3,60.6,68.4,85.3,57.9,71.9,Bueno,72.3,Bueno
STU0436,62.5,67.4,59,75.9,74.3,69.4,Regular,64.6,Regular
STU0437,87.2,61.1,60.2,67.1,77.9,74.4,Bueno,74.2,Regular
STU0438,42.1,86.6,77.5,45.3,58.5,60.6,Regular,68.7,Regular
STU0439,42.2,66,58.7,44.7,57.1,53.5,Bajo,56.8,Satisfactorio
STU0440,63.8,72.1,39.6,63.6,72.8,65,Regular,59.3,Satisfactorio
STU0441,66.4,68.9,89.5,64.3,43.7,65.9,Regular,65.2,Regular
STU0442,65.9,78.1,83.9,55,62.7,69.5,Bueno,63.4,Regular
STU0443,36.3,64.2,43.1,67.8,74.3,56.7,Bajo,54.8,Bajo
STU0444,60.1,43.4,72.8,86.7,72.7,65.6,Regular,68.3,Regular
STU0445,44.9,67.5,55.4,74.5,36,58.4,Bajo,61.2,Satisfactorio
STU0446,69,52.8,70.2,48.9,54.4,60.1,Regular,59.2,Satisfactorio
STU0447,71.3,56.1,65.2,60.8,50.2,63.5,Regular,51.9,Satisfactorio
STU0448,48.4,68.5,57.7,49.6,64,61.5,Regular,66.6,Regular
STU0449,54.5,77.6,52.3,60.5,70.5,60.1,Regular,63.9,Regular
STU0450,48.5,64.9,54.5,54.9,81.7,59.3,Regular,55.2,Satisfactorio
STU0451,61.3,69,49.5,57,56.7,57.6,Regular,53.8,Satisfactorio
STU0452,79.6,82.9,53,46.3,59.3,64.6,Regular,63.7,Regular
STU0453,52.1,66.3,59.1,64,76.2,64.2,Regular,70,Regular
STU0454,71.7,93.4,55.3,58.1,69.3,65.9,Regular,59.5,Satisfactorio
STU0455,53.9,69.2,75.3,24,81.8,62.1,Regular,64.7,Regular
STU0456,52.1,39.9,84.4,86.7,64.7,67.7,Regular,69.3,Bueno
STU0457,58.5,74.6,56.1,77.6,45.1,60.4,Regular,62.8,Satisfactorio
STU0458,49.6,67.7,66.2,59.9,43.2,56.1,Bajo,53.9,Satisfactorio
STU0459,53.3,78.2,70.2,62.5,43.6,61,Regular,59.6,Satisfactorio
STU0460,45.8,74.3,72.3,48.9,75.9,60,Regular,59,Satisfactorio
STU0461,89.4,63.4,67,90.5,82,72.6,Bueno,77.9,Bueno
STU0462,64.5,48.5,75.3,88.4,86.9,73.9,Bueno,78.6,Bueno
STU0463,54.2,62,71.7,61.8,73.4,64.1,Regular,70.1,Regular
STU0464,66.4,51.3,45.3,75.1,81.6,63.8,Regular,61.1,Satisfactorio
STU0465,59,54.4,74.5,68.2,54.5,65,Regular,54.5,Bajo
STU0466,62.4,69.4,77.4,45.5,45.3,61.6,Regular,59.5,Satisfactorio
STU0467,71.9,90.1,51,60.2,74.7,67.8,Bueno,68.6,Regular
STU0468,71.7,70.2,67,63.2,68.4,65.2,Bueno,66.4,Regular
STU0469,53.7,46.9,73.6,55,64.8,61.3,Regular,55.5,Satisfactorio
STU0470,52.9,69.3,63,60.8,65.9,59.7,Regular,65.2,Regular
STU0471,62.1,75.8,78.4,61.5,63.9,72.3,Bueno,74.6,Bueno
STU0472,33.4,55.5,87,62.4,75.9,63.4,Regular,66.8,Regular
STU0473,43.9,62.2,53.1,66.8,81.6,60.3,Regular,56.9,Satisfactorio
STU0474,80,61.7,46.8,50.2,69.1,61.7,Regular,62.6,Satisfactorio
STU0475,82.3,50.8,66.7,55.9,72.2,65.9,Regular,63.7,Regular
STU0476,58,69.3,72.6,47.5,68.6,63.1,Regular,69.4,Regular
STU0477,73.4,63.5,57.3,74.1,54.2,63.1,Regular,63.5,Regular
STU0478,66.1,65.7,81.9,34.1,76,65.4,Regular,63.6,Regular
STU0479,92.3,52.7,45.9,80.8,45.6,62.3,Regular,56.9,Satisfactorio
STU0480,78,59.1,75.8,79.9,78.2,70.7,Bueno,76.9,Bueno
STU0481,59.3,74.6,53.6,60.5,44.6,58,Regular,69.1,Regular
STU0482,51.4,60,84.3,28.7,66.2,59.3,Bajo,58.8,Satisfactorio
STU0483,39.9,83.6,87.3,60.1,53.9,64,Regular,66.8,Regular
STU0484,66.2,60.6,54.1,65.4,67.5,63.5,Regular,61.5,Satisfactorio
STU0485,55.5,64.8,56.7,47.2,59.8,58.4,Bajo,44.5,Bajo
STU0486,41.4,72.9,71.7,57.6,41.1,61.1,Bajo,64.4,Satisfactorio
STU0487,51.3,44.7,56.2,80.8,65.9,58.2,Regular,64,Satisfactorio
STU0488,50.9,39.6,65,75.8,56.1,53.7,Bajo,56.9,Satisfactorio
STU0489,87.6,41.7,65.2,53.2,72.7,62.5,Regular,58.4,Satisfactorio
STU0490,78.7,77,36.6,41.1,62.1,56.9,Regular,57,Satisfactorio
STU0491,62.3,52.5,61,59,66.8,62.4,Regular,61.6,Satisfactorio
STU0492,82.1,85.7,51.1,61.2,49.9,69.5,Regular,68,Regular
STU0493,60.6,54.5,54.4,68,54.5,63.1,Regular,58.7,Satisfactorio
STU0494,50.4,64.2,83.6,53,58.9,62.4,Regular,70.2,Regular
STU0495,81.7,82.4,47.2,72.6,73.4,70.8,Bueno,76.1,Bueno
STU0496,68.7,90.4,72.6,85.8,88.8,86.2,Excelente,73.7,Bueno
STU0497,48.4,88,57,71.5,49.5,64.6,Regular,64.4,Regular
STU0498,61.1,82.4,58.7,63.9,73.9,67.1,Bueno,64.2,Regular
STU0499,52,80.6,77.5,61,35.3,58.5,Regular,47.2,Bajo
STU0500,42.4,69.7,69.8,55.8,44.9,59.5,Bajo,63.1,Regular
STU0501,77.3,71,66.8,83.1,47.8,68.8,Bueno,69.1,Bueno
STU0502,89.1,53.4,79.8,55.5,46.9,60.6,Regular,64,Regular
STU0503,42.4,49.4,61.2,64.4,43.6,53.6,Bajo,54.3,Bajo
STU0504,70.8,64.6,57.2,66,71.3,60.7,Regular,56.2,Satisfactorio
STU0505,51.4,61.1,49.5,54.4,61.3,57.2,Bajo,55.3,Bajo
STU0506,58.7,58.4,52.7,43.6,71.4,57.3,Bajo,57.3,Satisfactorio
STU0507,57.2,73.7,86.4,69.9,75.7,71.5,Bueno,68.2,Regular
STU0508,51,73.3,83,61.6,66.5,69.8,Regular,55,Satisfactorio
STU0509,65.3,64.3,46.8,70.1,73.4,60.6,Regular,64.9,Satisfactorio
STU0510,52.3,83.3,44,55.3,60.9,57.7,Regular,56.5,Satisfactorio
STU0511,68,47.4,66.9,75.2,44.9,62.9,Regular,64.8,Satisfactorio
STU0512,62.4,58.8,70.4,51.3,74.4,65.3,Regular,64.9,Regular
STU0513,60.4,54.3,70.8,83.6,57.3,67.1,Regular,64.4,Regular
STU0514,52.6,37.5,59,39.5,49.6,49,Bajo,48.5,Bajo
STU0515,56,60.8,63.8,68.3,62.7,63.1,Regular,69,Regular
STU0516,75.8,59.1,69,66.1,48,63.9,Regular,59.9,Satisfactorio
STU0517,70.7,80.7,65.1,54.7,57,62.9,Regular,65.4,Regular
STU0518,51.6,70.1,34.1,70.9,64.8,59.8,Bajo,62.6,Satisfactorio
STU0519,67.9,47.2,57.9,79.1,65.8,66.8,Regular,59,Satisfactorio
STU0520,74.4,92,51.6,31.5,53.5,60.7,Regular,54.3,Bajo
STU0521,41.6,75.9,65.6,70,54.8,64.7,Regular,59,Satisfactorio
STU0522,70.9,70.1,85,28.5,78.4,65.1,Bueno,67,Regular
STU0523,56.9,61.9,69.2,49.9,68.8,57.6,Regular,63.7,Regular
STU0524,70.7,52.6,61.8,84.5,90.6,68.2,Bueno,70.7,Regular
STU0525,55.5,58.3,77.6,57.9,77,66.8,Regular,59.5,Satisfactorio
STU0526,39.6,80.5,70.4,45.6,79.4,60.6,Regular,62,Satisfactorio
STU0527,39.8,91,67.3,59.9,42.2,61.3,Regular,68.7,Regular
STU0528,67,80.8,71,87.2,75.5,77.7,Bueno,80.4,Bueno
STU0529,63.1,55.4,85.7,39.3,61.5,61.5,Regular,63.1,Satisfactorio
STU0530,48.8,45.5,45.7,47.5,56.9,51.4,Bajo,47.1,Bajo
STU0531,75.5,63.3,67.8,82.1,61.7,72.4,Bueno,78.1,Bueno
STU0532,42.5,39.4,51.8,89.6,72.9,56,Regular,57.4,Satisfactorio
STU0533,63,64.2,73.9,64.4,72.4,65.6,Regular,75,Bueno
STU0534,44.2,61.4,50.6,47.6,51.3,50.2,Bajo,50.6,Bajo
STU0535,52.7,56.2,54.8,86.8,70.9,69.5,Regular,69.1,Regular
STU0536,65.7,40.7,59.6,85.4,52.1,57.9,Regular,68.6,Regular
STU0537,52.4,68.4,78.1,74.6,68.2,68.3,Regular,62.8,Satisfactorio
STU0538,55.7,58.2,73.4,51.8,60.3,60,Regular,59.7,Satisfactorio
STU0539,75.8,47.6,47.9,65,59.7,55.9,Bajo,53.8,Bajo
STU0540,53.8,23.8,60.7,58.7,72.8,54.5,Bajo,57.1,Satisfactorio
STU0541,75.1,63.8,56.3,65,47.3,64,Regular,68.4,Regular
STU0542,47.9,90.6,43.6,85.2,93.6,69.8,Bueno,76,Bueno
STU0543,73.8,83.9,59.9,78.2,39.8,65.3,Regular,72.9,Regular
STU0544,78.4,54.8,55.7,49.7,52.1,60.8,Regular,60.4,Satisfactorio
STU0545,31.1,57.6,88.1,82,70.1,64,Regular,64.9,Regular
STU0546,51.8,70.4,66.4,64.8,71.1,66.8,Regular,59.1,Satisfactorio
STU0547,68.4,50.5,45.8,75.6,61.9,59.8,Regular,66.3,Regular
STU0548,62.1,68,53.5,79.8,63,65.8,Regular,69.1,Regular
STU0549,64.7,76.4,73.1,47,68.3,70.4,Regular,64.9,Regular
STU0550,55.4,82.6,88.4,59.2,59.5,67.7,Bueno,79,Bueno
STU0551,64.8,64.3,41.1,53.1,80.3,63.9,Regular,57.5,Satisfactorio
STU0552,60.6,60.9,36.2,40.4,73.4,55.8,Bajo,58.4,Satisfactorio
STU0553,82.2,52,89.1,66.4,73.5,75.6,Bueno,72.2,Regular
STU0554,68.8,53.8,65.8,94.6,50.4,67.7,Regular,65.3,Regular
STU0555,67.1,61.7,51.3,37.2,58.8,57.5,Bajo,53.1,Satisfactorio
STU0556,54.7,64.8,69.2,61.7,59.6,61.6,Regular,56.7,Satisfactorio
STU0557,55.3,75.9,26.7,69.1,51.4,54,Bajo,56.1,Satisfactorio
STU0558,55,52.6,63.9,61.7,69.7,58.6,Regular,65.8,Regular
STU0559,68.2,84.9,66.9,62.7,58.6,68.9,Regular,70.8,Regular
STU0560,54.3,56.3,76.4,44.3,73.1,60.7,Regular,63.2,Regular
STU0561,63.6,63.4,47.8,67.9,45.9,61.8,Regular,53.4,
STU0562,88.4,51.8,66.9,50.2,89.3,68.3,Bueno,71.2,Regular
STU0563,76.4,30.1,51,34.7,52.8,48.4,Bajo,43.9,Insuficiente
STU0564,56,78.4,67.2,82.6,69.5,67.8,Bueno,71.6,Bueno
STU0565,82.2,75.1,53.6,73.1,69.8,73.4,Bueno,72.8,Regular
STU0566,55.1,56.4,58,66.9,58.1,58.2,Regular,62.5,Satisfactorio
STU0567,37.3,63.3,52.2,64,76.1,60.9,Bajo,62.2,Satisfactorio
STU0568,50,66.3,71.4,79.4,45.3,64.6,Regular,63.2,Regular
STU0569,38.3,41.7,78.3,66.6,79.6,58.5,Regular,63.7,Satisfactorio
STU0570,60,53.9,57,78.6,63.5,63.6,Regular,55.6,Satisfactorio
STU0571,66.2,76.1,61.7,61.9,55,63.3,Regular,64,Satisfactorio
STU0572,86.6,45.9,45.1,80.1,57,61.1,Regular,62.9,Satisfactorio
STU0573,70,68.7,59.9,68,72.4,70.2,Regular,68.7,Regular
STU0574,60.8,43.7,64.4,64.6,56.6,55.1,Bajo,53.4,Satisfactorio
STU0575,75.9,71.4,90.9,47.2,51.9,64,Regular,60.8,Satisfactorio
STU0576,32,63.2,49.8,65.1,60.9,53.1,Bajo,46.5,Insuficiente
STU0577,69.3,38.9,85.9,49,44.6,55.9,Bajo,53.8,Satisfactorio
STU0578,72.8,75.5,78.2,54.6,86.4,74.8,Bueno,75.6,Bueno
STU0579,43.8,52.7,64.2,53.7,52.7,52.9,Bajo,46.3,Bajo
STU0580,78,50.4,91.4,46.9,78,65.1,Bueno,64.4,Regular
STU0581,69.1,67.8,66,92.5,63.2,74.6,Bueno,83.3,Bueno
STU0582,54.3,77,65.6,82.6,48.7,66.3,Regular,70.7,Regular
STU0583,70.1,48.9,62.8,91.1,61,69,Regular,72.8,Bueno
STU0584,92.7,62.9,77.3,47.9,77.2,73.6,Bueno,71.6,Bueno
STU0585,62.9,72.3,75.8,65.1,60.6,64.1,Regular,73.9,Bueno
STU0586,66.6,76.3,57.1,46.8,83.3,62.7,Regular,60.8,Satisfactorio
STU0587,56.5,67.7,46.2,52.6,72.8,62.5,Regular,54.2,Satisfactorio
STU0588,51.1,57.6,60.3,53,78.8,58.5,Regular,47.7,Bajo
STU0589,70.8,52.4,54.3,77.8,58.1,62.8,Regular,66.8,Regular
STU0590,49.2,62.1,60.9,56.5,46,58.1,Bajo,67.2,Regular
STU0591,65.6,50,78.3,76.3,54.2,68.4,Regular,60.8,Satisfactorio
STU0592,57.7,23.1,56.5,72.4,68.3,57.2,Bajo,51.6,Bajo
STU0593,66.2,67.7,65.2,91,68.6,70,Bueno,71.8,Regular
STU0594,71.2,73.4,64.8,44.2,35.5,56.4,Bajo,56.1,Satisfactorio
STU0595,73.1,30.9,74.3,83.7,62.6,66,Regular,69.3,Regular
STU0596,56.8,50.8,34.1,80.1,68.1,58.4,Bajo,45.9,Bajo
STU0597,59.7,71.1,52.5,47.1,58.7,56.9,Regular,61.9,Satisfactorio
STU0598,50.9,91,64.6,75,82.1,75.5,Bueno,70.2,Regular
STU0599,59.4,62.7,77.5,66,66.8,64.4,Regular,67.7,Regular
STU0600,66.4,52.5,58.3,63.1,82.6,64.1,Regular,64.9,Regular
STU0601,70.4,62.6,39.2,49.2,62.7,56.8,Bajo,55.3,Satisfactorio
STU0602,50.3,85.3,74.9,55.6,74.9,66.2,Regular,68,Regular
STU0603,73.6,52.3,57.2,90,83.3,73.7,Bueno,72.3,Regular
STU0604,80.3,49.9,45.3,62.4,78.6,65.8,Regular,68.1,Regular
STU0605,68.8,58.4,53.3,73.1,49,57.5,Regular,65.5,Satisfactorio
STU0606,90.1,52.6,58.7,51.2,60.7,61,Regular,63.9,Regular
STU0607,51.1,65,55.4,49.9,60,59,Bajo,50.4,Bajo
STU0608,43.8,86.1,34.8,79,69.6,64.7,Regular,59.6,Satisfactorio
STU0609,36.8,67.7,76.3,45.3,75.4,57.2,Regular,64.4,Regular
STU0610,84.2,58.5,80.7,56.4,54.2,64.1,Regular,63.3,Regular
STU0611,70.7,56.1,74.6,63.6,63.2,65.4,Regular,69.7,Regular
STU0612,63.4,43.6,48.2,66.9,34.8,52,Bajo,61.2,Satisfactorio
STU0613,66.4,74.1,57.8,60.1,83.9,66.7,Bueno,73.4,Bueno
STU0614,50,61.5,60.1,69.1,57.3,61.8,Regular,62.2,Satisfactorio
STU0615,90.7,59.9,74.4,68.8,61.9,70.9,Bueno,66.7,Regular
STU0616,67.8,90.2,71,70.3,57,73.5,Bueno,57.3,Satisfactorio
STU0617,67.2,64.2,50.3,51.5,76.5,65.7,Regular,62.4,Satisfactorio
STU0618,72.7,52.4,61,58,24.7,52.8,Bajo,50.6,Bajo
STU0619,73.2,54.2,72.4,76.4,64.3,70.3,Bueno,69.8,Regular
STU0620,65,79.5,86.7,74.2,58.8,73.7,Bueno,74.3,
STU0621,52.7,67.8,69.9,42.9,56.3,59.1,Bajo,54.8,Satisfactorio
STU0622,68.9,42,72.6,65.6,85.4,68.8,Bueno,57.1,Satisfactorio
STU0623,88,74.5,66.1,35.8,50.6,65.3,Regular,61.7,Satisfactorio
STU0624,80.2,52.4,81.8,65.6,72.1,74.2,Bueno,73.5,Bueno
STU0625,87.7,91.4,70.8,89.7,71.2,80.5,Bueno,87.2,Excelente
STU0626,56.2,78.6,49.4,52.2,80,66.1,Regular,65.6,Satisfactorio
STU0627,49.2,56.5,78.5,51.4,51.2,61.8,Regular,63,Satisfactorio
STU0628,64.4,83.1,72.1,72.1,55.8,64.7,Bueno,69.6,Bueno
STU0629,65.2,66.9,59.1,43.9,81.1,60.8,Regular,58.9,Satisfactorio
STU0630,79,70.5,55.4,51.7,71.5,67.3,Regular,67.6,Regular
STU0631,42,73.4,65.7,69.9,42.6,58,Bajo,55.2,Satisfactorio
STU0632,88.1,52.5,71.7,56.9,52.9,62.2,Regular,65.1,Regular
STU0633,62.1,55,67.6,62.5,70.7,59.7,Regular,61.2,Satisfactorio
STU0634,56.9,77.1,64,76.5,76.1,70.9,Bueno,68.9,Regular
STU0635,46.6,60.2,82.4,66.2,55.5,64,Regular,60.3,Satisfactorio
STU0636,38.5,59.6,74.9,67.8,23.1,53.7,Bajo,55.9,Satisfactorio
STU0637,71.4,48.4,62.9,61.3,68.6,66.2,Regular,73.7,Bueno
STU0638,63.6,69.5,75.5,64.2,48.4,63.3,Regular,60.7,Satisfactorio
STU0639,47.4,93.4,46.6,58.7,34.1,53.3,Bajo,56.6,Satisfactorio
STU0640,46.2,47.7,68.5,69.8,25.2,50.7,Bajo,51.9,Bajo
STU0641,60.7,63.5,86.9,55.9,76.4,66.1,Bueno,75.2,Regular
STU0642,86.9,79.5,59.6,62.1,63.3,70.1,Bueno,65.8,Regular
STU0643,57.9,61.2,51.6,51.7,61.5,57,Bajo,43.3,Insuficiente
STU0644,42.6,70.7,57.2,62.5,83.7,60.4,Regular,71.8,Regular
STU0645,59.1,46.3,50,52.2,74.9,55.3,Bajo,59.1,Satisfactorio
STU0646,59.9,68.6,50.1,49.6,89.3,60.1,Regular,54.3,Satisfactorio
STU0647,25.4,59.8,56,67,43,48.8,Bajo,48,Bajo
STU0648,64.5,78.3,45.5,67.7,63.9,61.8,Regular,68.6,Regular
STU0649,60.4,78,66.1,76.9,42.7,63.2,Regular,72.1,Regular
STU0650,74.1,91,72.6,60.3,58.9,69.6,Bueno,72.7,Bueno
STU0651,83.7,74.6,52.7,65.6,59.9,67.1,Bueno,65.5,Regular
STU0652,76.7,64.2,78.9,68.7,73.1,71.1,Bueno,78.3,Bueno
STU0653,61.1,62.7,71.8,71.1,66.2,62.9,Regular,64.9,Regular
STU0654,47.1,59.9,74.7,50.4,72.9,61.9,Regular,68.5,Regular
STU0655,85.2,66.5,51.5,66.4,70.2,67.8,Bueno,64.5,Regular
STU0656,60.5,59.7,77.6,66.6,87.7,70.5,Bueno,69.6,Regular
STU0657,63.2,66.6,48.6,62.1,57.1,61.5,Regular,64.9,Regular
STU0658,64.3,83.5,72.7,33.2,51,59,Regular,57.8,Satisfactorio
STU0659,63.1,51.2,62,66.1,67.5,65.4,Regular,68.7,Regular
STU0660,63.7,80.6,71.9,86.9,50,72,Bueno,64.7,Regular
STU0661,53.1,78.4,49,56.9,78.9,63.5,Regular,65.8,Regular
STU0662,55.6,60.4,50.9,55.4,60.4,54.2,Bajo,49.8,Bajo
STU0663,65.1,32.6,72.4,66.8,53.8,56.3,Bajo,55.4,Satisfactorio
STU0664,56.8,52.6,52.2,65.7,55.1,55.8,Bajo,51.6,Bajo
STU0665,51.2,83.5,72.7,77.2,72.9,68.2,Bueno,69.7,Regular
STU0666,66.8,60.4,44.3,47.6,59.4,55.6,Bajo,48.7,Bajo
STU0667,59.8,47.7,71.7,71.2,56.7,59.8,Regular,64,Regular
STU0668,81.5,57,44.4,69.2,89.2,69.2,Bueno,68.6,Regular
STU0669,28.6,70.5,69,60.2,52.8,58.5,Bajo,46.7,Bajo
STU0670,79.5,68.2,72.3,70.3,66.9,69.8,Bueno,72.1,Bueno
STU0671,81,60.7,54.5,76.7,72.3,65.5,Bueno,79.6,Bueno
STU0672,35,60.4,67.1,76.8,42.9,54.9,Bajo,55.5,Satisfactorio
STU0673,58.9,58.2,64.4,49.2,67,58.9,Regular,57.6,Satisfactorio
STU0674,58.3,51.9,54.2,74,49.7,56.8,Bajo,66.3,Regular
STU0675,44.3,80.8,50.2,65.2,76.5,63.5,Regular,58.7,Satisfactorio
STU0676,55.4,55.9,35.1,62.3,51.8,54.5,Bajo,54.9,Bajo
STU0677,46.8,75.6,68.2,66.7,72.3,67.4,Regular,68,Regular
STU0678,85.5,81.5,43.7,64.1,73.7,72.3,Bueno,80,Bueno
STU0679,78.2,80.4,65.1,76.4,75.9,74.5,Bueno,74.2,Bueno
STU0680,80.1,54.9,57,65.2,64.3,65.3,Regular,59.4,Satisfactorio
STU0681,72.9,64.8,70.1,49.2,59.6,60.7,Regular,57.6,Satisfactorio
STU0682,49.9,61.2,59.9,60.9,55.8,58.1,Bajo,53,Satisfactorio
STU0683,56.9,48.9,61.8,66.8,85.2,64.6,Regular,61,Satisfactorio
STU0684,72,67,74.6,80.3,54.3,65.7,Bueno,65.7,Regular
STU0685,46.5,48,70.5,67.6,51.4,57.5,Bajo,54.9,Bajo
STU0686,74.1,82,65.1,53.7,70.9,71.3,Bueno,64.7,Satisfactorio
STU0687,57,58.7,66.9,89.6,54.7,62.3,Regular,73.3,Regular
STU0688,55.6,68.1,40.6,70.2,50.1,54.8,Bajo,51.7,Satisfactorio
STU0689,69.3,64.5,70.1,82.9,44.6,68.9,Regular,62.4,Satisfactorio
STU0690,69.8,59.2,74,59.7,58.6,64.8,Regular,62.7,Satisfactorio
STU0691,56.2,69,48.5,72.9,61.6,64.9,Regular,63.2,Satisfactorio
STU0692,79.4,59.5,61.2,70.6,62.9,68.2,Regular,62.3,Satisfactorio
STU0693,50.1,75.7,59.4,82.6,73.6,71.1,Bueno,66,Regular
STU0694,72.3,43.5,62.3,76.2,72.5,67.5,Regular,57.3,Satisfactorio
STU0695,67.7,61.9,66.6,72.2,63.3,68.9,Bueno,76.9,Bueno
STU0696,57.9,90.6,85.5,58.1,58.2,70.8,Bueno,75.2,Bueno
STU0697,69.7,50.9,79.3,54.4,69.1,62.5,Regular,63.1,Satisfactorio
STU0698,44.4,55.6,45.4,65.2,83,61.1,Regular,52.9,Satisfactorio
STU0699,76.8,68.5,75.2,74,66,74.9,Bueno,70.1,Regular
STU0700,62.2,66.2,84.7,62.3,57.9,67.7,Regular,64.4,Regular
STU0701,59,67.9,71.1,79,47.3,66.2,Regular,60.4,Regular
STU0702,79.7,67.7,77.3,79.1,43.2,69.8,Bueno,71.5,Regular
STU0703,55.5,68.3,91.7,51.4,69.9,68.7,Bueno,64.4,Regular
STU0704,42.8,77.1,73.6,54.3,72.7,64.5,Regular,63.4,Satisfactorio
STU0705,40.8,65.3,66.9,62.2,67.2,62.1,Regular,60.3,Satisfactorio
STU0706,72.4,57,76.5,65.2,59.1,68.5,Regular,58.3,Satisfactorio
STU0707,43.9,73.2,62.8,53.2,80.9,62.4,Regular,66.2,Regular
STU0708,83.4,89.7,66.5,82.1,55.4,75.7,Bueno,74.5,Bueno
STU0709,35.4,60.3,60.3,66.8,75.5,61.8,Regular,57.6,Satisfactorio
STU0710,83.5,49.9,86.8,60.2,61,65.7,Bueno,78.3,Bueno
STU0711,66,74.5,51.8,42.6,56.3,59.2,Regular,61.7,Satisfactorio
STU0712,63.7,64.8,88,42.8,73,63.4,Regular,57.7,Satisfactorio
STU0713,55.3,35,68,66.1,66.8,57.1,Regular,59.4,Satisfactorio
STU0714,67.8,75.7,43.4,35.8,64.8,60.2,Bajo,60.7,Satisfactorio
STU0715,60.3,55.2,68.8,76.9,61.6,66.6,Regular,64.4,Regular
STU0716,81.5,59.9,33.3,63,63,61.7,Regular,56.3,Satisfactorio
STU0717,64.3,66.5,73.9,92.9,94.6,78.2,Bueno,78.2,Bueno
STU0718,62.4,64.4,75.5,85.5,77.1,71.3,Bueno,73.5,Bueno
STU0719,59.7,76.2,53.6,63.1,74.4,63.6,Regular,65.8,Regular
STU0720,61.5,59.2,65.5,60.8,61.1,60.5,Regular,50.9,Bajo
STU0721,65.2,69.2,92.4,75,75.5,75,Bueno,74,Bueno
STU0722,39.8,60.6,56,88.9,67.6,64.5,Regular,73.3,Regular
STU0723,45.1,71.7,49,41.9,62.9,55.1,Bajo,48.3,Bajo
STU0724,69.6,71.3,84.6,37.9,61.9,65.2,Regular,63.4,Satisfactorio
STU0725,62.3,53.1,89,53.1,62,67.3,Regular,59.1,Satisfactorio
STU0726,60.4,76.7,64.9,71,20.4,61.2,Bajo,55.3,Bajo
STU0727,60.9,57.4,79.3,69.7,63.9,69.5,Regular,55.8,Satisfactorio
STU0728,70.6,77.7,85.1,74.6,58.8,74.9,Bueno,70.8,Regular
STU0729,53.6,69.8,53.4,49.2,85,61.1,Regular,61.7,Satisfactorio
STU0730,53.5,89.6,58.9,32.2,66.1,56.6,Bajo,55.1,Satisfactorio
STU0731,62.2,57.6,78.7,72.9,48.1,64.4,Regular,65,Regular
STU0732,49.9,56.6,87.8,52.9,59.4,64.6,Regular,61.9,Satisfactorio
STU0733,65.4,62,70.2,36.7,49.7,55.1,Bajo,61.5,Satisfactorio
STU0734,39.9,61.5,53.9,61.6,70.3,56.2,Bajo,58.6,Satisfactorio
STU0735,75.3,70.3,89.1,76.8,66.3,74,Bueno,74.4,Bueno
STU0736,66.5,40.5,53.4,60.5,79,62,Regular,61.4,Satisfactorio
STU0737,63.4,47.4,57.3,58.1,54.2,55,Bajo,59.3,Satisfactorio
STU0738,78.6,48,71.1,62,63.7,65.8,Regular,66,Regular
STU0739,88.2,78.9,86.7,56.3,44.9,69.1,Bueno,70.3,Regular
STU0740,80.7,86.6,71.9,42.9,75.8,70.6,Bueno,68.1,Regular
STU0741,38.6,59.3,71.4,50.8,68,55.5,Bajo,58.7,Satisfactorio
STU0742,46.4,57.8,71,71.3,68.1,61.2,Regular,55.8,Satisfactorio
STU0743,56.4,61.8,61.9,70.6,63.8,64,Regular,63.9,Satisfactorio
STU0744,60,77.4,68.8,61.8,69.5,67,Bueno,63.2,Satisfactorio
STU0745,67.1,52.3,27.4,51.1,86.3,55.1,Bajo,49.3,Bajo
STU0746,52.6,66.6,57.4,62.4,62,61,Regular,61.4,Satisfactorio
STU0747,67.9,77.4,67,35.3,64.3,58.7,Regular,61.9,Satisfactorio
STU0748,52.2,68.5,47.9,64,48.8,56.7,Bajo,60.8,Satisfactorio
STU0749,53.6,64.4,71.7,83.5,48.6,65,Regular,64.3,Regular
STU0750,42,74.7,59.7,41.7,61.7,57.9,Bajo,53.4,Bajo
STU0751,51.2,25.1,84.8,57.6,74.8,59.5,Regular,62,Satisfactorio
STU0752,44.5,72.8,80.7,69.7,57.4,65.2,Regular,63,Satisfactorio
STU0753,47.2,54.1,58,80.2,57.4,61.4,Regular,68.6,Regular
STU0754,80.4,39.1,59.1,57.1,59.3,60.3,Bajo,53.1,Bajo
STU0755,47.7,71.1,58.6,53.7,57.8,55.8,Bajo,57.7,Satisfactorio
STU0756,87.9,77.2,59.8,38.1,65.3,68,Regular,63.8,Satisfactorio
STU0757,73.2,64.4,63.6,67,42.9,60,Regular,63.8,Regular
STU0758,68.9,73.5,55.6,87.4,76.8,73.4,Bueno,71.1,Regular
STU0759,51.5,85.8,45.7,63.8,55,60.2,Regular,55.8,Satisfactorio
STU0760,68.7,80.7,71.8,64.2,69,74.9,Bueno,75.2,Bueno
STU0761,56.6,87.2,72.3,63.6,48.1,64.4,Regular,68.2,Regular
STU0762,67.1,73.5,52.1,64.5,73.5,67.9,Regular,68.7,Regular
STU0763,85.3,60.9,76.5,51.6,68.8,74.5,Bueno,63.9,Regular
STU0764,58.6,43.3,56.5,70.3,67.9,63.2,Regular,55.1,Bajo
STU0765,79,58.4,64.7,62.4,50.7,63.8,Regular,64.3,Regular
STU0766,54.1,53.5,70.1,60.8,66.4,61,Regular,62.2,Satisfactorio
STU0767,62.2,88.1,62.4,47.1,46.4,63.3,Regular,63.2,Regular
STU0768,90.1,61.4,70.3,81.2,57.7,71.5,Bueno,68.7,Regular
STU0769,54.1,65.8,54.1,74.1,79.3,64.8,Regular,67.5,Regular
STU0770,92.2,69.3,60.3,55.9,69.9,69,Bueno,59.7,Satisfactorio
STU0771,75.5,63.1,57.8,75.8,61.7,68.2,Regular,79.1,Bueno
STU0772,55.7,86.9,50.8,57.9,47.3,57,Regular,61,Satisfactorio
STU0773,72.7,52.2,57.5,52.8,73.1,62,Regular,64,Regular
STU0774,78,63.9,44.2,55.4,64.1,60.9,Regular,57.4,Satisfactorio
STU0775,71.5,54,58.3,39.9,30,50.8,Bajo,52,Bajo
STU0776,41.4,42.8,60.9,68,71.8,57.1,Bajo,54.3,Bajo
STU0777,52.1,57.4,58.9,37.3,64.7,51.6,Bajo,58.6,Satisfactorio
STU0778,57.4,62.8,61.6,48.3,75.2,64.4,Regular,61.9,Satisfactorio
STU0779,63,56.4,61.9,36.4,49.3,54.4,Bajo,54.7,Bajo
STU0780,72.1,52.4,71.7,62.8,20.4,52.4,Bajo,55.5,Satisfactorio
STU0781,63.2,45.3,78.4,62.2,68.5,62.4,Regular,55.1,Satisfactorio
STU0782,43.2,59.5,55.1,57.4,68.3,60.1,Bajo,53,Satisfactorio
STU0783,71.8,43.1,47.6,47.9,39,50.4,Bajo,49.6,Bajo
STU0784,72.9,73.7,47.7,46.2,47.1,59.9,Bajo,66.3,Regular
STU0785,69.7,61.2,58.6,67.3,89.3,71.8,Bueno,69.7,Regular
STU0786,79,42.9,55.7,55.1,58,58.6,Regular,64.4,Satisfactorio
STU0787,76.5,58.9,53.7,69.7,72.8,66.5,Regular,66.4,Regular
STU0788,69.5,55,43.3,49,53,57,Bajo,61.4,Regular
STU0789,59.9,65.3,59.3,64.4,33.5,56.8,Bajo,48.6,Bajo
STU0790,40.8,80.8,68.8,79.4,63.5,66.2,Regular,67.6,Regular
STU0791,68.4,39.2,69.5,68.6,61.6,64.3,Regular,56.4,Satisfactorio
STU0792,63.1,64.4,55.7,59.9,56.6,57.7,Regular,47.1,Bajo
STU0793,65.7,63.7,59.9,69.8,63.1,65.1,Regular,65.6,Regular
STU0794,46.3,68.5,49.9,57.5,65,61.5,Regular,58,Satisfactorio
STU0795,49.6,64.9,63.7,59.6,62.6,61.7,Regular,56.1,Satisfactorio
STU0796,81.3,51.7,50.3,56.4,43.5,54.2,Bajo,59.5,Satisfactorio
STU0797,60.2,57.7,69.6,63.3,68.4,61,Regular,74.8,Bueno
STU0798,72.7,54.9,39.5,63.5,35.9,53.4,Bajo,54.6,Bajo
STU0799,63.9,77.8,55.4,48.8,36.1,56.6,Bajo,61.9,Satisfactorio
STU0800,60.1,64.3,67.2,50.1,71.5,62.1,Regular,58.8,Satisfactorio
STU0801,77.6,90.5,68.2,43.5,73.4,68,Bueno,67.2,Regular
STU0802,53.6,62.5,90.4,43.3,61,60.1,Regular,63,Satisfactorio
STU0803,64.9,51.4,64.9,47.9,43.9,57.1,Bajo,55.7,Bajo
STU0804,54.2,41,48,68.4,51.4,53.8,Bajo,62.7,Satisfactorio
STU0805,56.8,40.4,60,50.5,61.5,55.4,Bajo,60.9,Satisfactorio
STU0806,61.7,41.2,37.5,73.7,43.5,49.8,Bajo,49,Bajo
STU0807,67.3,67.7,61.2,65.1,55.8,60.6,Regular,51.1,Bajo
STU0808,56,68,50.7,37.6,73,59.7,Bajo,57.9,Satisfactorio
STU0809,78.4,40,71.5,70.8,85.2,73.3,Bueno,79.5,Excelente
STU0810,50.5,74.1,53.8,72.3,55.2,65.7,Regular,59.8,Satisfactorio
STU0811,58.1,57.8,60.5,50.6,69.5,63.4,Regular,64.6,Regular
STU0812,59.2,63.4,56.4,70.7,37.2,53.9,Bajo,65,Satisfactorio
STU0813,85.8,82.3,86.5,49.1,74.7,74.2,Bueno,78.7,Bueno
STU0814,68.2,73.6,58.1,62.5,53.2,63.5,Regular,60,Satisfactorio
STU0815,72.8,60.7,89.7,46.7,66.7,69.3,Regular,53.9,Satisfactorio
STU0816,44.1,48.7,77.2,38.1,57,55.2,Bajo,53.4,Satisfactorio
STU0817,67,32.3,68.1,59.1,83.6,63.1,Regular,60.7,Satisfactorio
STU0818,78,55.6,68.6,59.3,53.2,64.3,Regular,61.6,Satisfactorio
STU0819,66.3,62.8,70.8,54.9,68.9,65.4,Regular,57.7,Satisfactorio
STU0820,77.1,48.7,36.2,46.3,60.8,56.8,Bajo,53.1,Bajo
STU0821,53.6,60.8,57.1,54.5,63.1,57.7,Regular,58,Satisfactorio
STU0822,77.7,60.6,72.9,68.5,58.5,72.6,Bueno,68.5,Regular
STU0823,85.9,60.7,61.4,62.9,51.9,66.6,Regular,58.5,Satisfactorio
STU0824,55.3,51.6,45.6,62.7,61.2,58.5,Bajo,65.3,Satisfactorio
STU0825,58.5,62.3,61.4,52.6,63.8,58.7,Regular,60.5,Satisfactorio
STU0826,83.8,68,89.4,76,68.2,75.2,Bueno,69.7,Regular
STU0827,83.4,50.4,84.1,45,65.8,62.4,Regular,60.7,Regular
STU0828,57.7,84.2,61,66,70.4,68.7,Bueno,66.6,Regular
STU0829,59.7,58.4,71.9,81.9,77.1,73,Bueno,72.4,Regular
STU0830,57.1,64.1,60.7,70.7,46.2,58.9,Regular,66.5,Regular
STU0831,46.5,68.6,38.6,61.7,78.3,61.4,Bajo,59.8,Satisfactorio
STU0832,50.1,63,50.5,53.7,47.3,52.8,Bajo,52.1,Bajo
STU0833,51.2,77,82.8,80.7,72,71.2,Bueno,62.8,Regular
STU0834,52.8,64.5,59.7,42.4,70.6,56.3,Regular,63.1,Satisfactorio
STU0835,61.8,53.9,60.3,51.9,38.9,55.6,Bajo,51.4,Bajo
STU0836,68.1,70.1,57.4,58.8,64.2,65.3,Regular,58,Satisfactorio
STU0837,80.7,45.6,89.6,77.4,58.9,75.2,Bueno,66.1,Satisfactorio
STU0838,49,64.8,84.8,71.9,53.2,62.4,Regular,70.9,Regular
STU0839,74.3,64.4,86.9,49.4,83.8,74.1,Bueno,65.5,Regular
STU0840,57.9,60.8,62.5,56.4,53.2,59.2,Regular,56.2,Satisfactorio
STU0841,64.4,60.4,68,51.7,52.2,59.6,Regular,60.6,Satisfactorio
STU0842,68.8,36.3,42.8,52.1,63.4,54,Bajo,50.2,Bajo
STU0843,48,57.2,79.1,77.6,68.6,66.7,Regular,59.4,Satisfactorio
STU0844,67.8,66.9,47.9,46.5,60.3,57.4,Bajo,46,Bajo
STU0845,67.3,67.6,66.6,80.7,76.9,72.6,Bueno,75.1,Bueno
STU0846,72.9,46.5,47.3,75.9,69.5,65,Regular,56.7,Satisfactorio
STU0847,69.3,78.8,56.6,75.8,32.6,61.5,Regular,74.9,Bueno
STU0848,86.1,53.7,52.7,58.3,52.8,61.9,Regular,55.2,Satisfactorio
STU0849,53.3,78.5,56.4,62.5,56,62.1,Regular,59.2,Satisfactorio
STU0850,53.5,65.2,56.7,44.4,73.3,57.5,Regular,54.1,Satisfactorio
STU0851,56.7,56.3,53.8,55.2,29,48.9,Bajo,51.8,Bajo
STU0852,56.3,84.4,71.7,70.4,85.5,76.1,Bueno,71,Bueno
STU0853,54.5,44.8,45.9,84.2,66.8,57.8,Regular,60.7,Satisfactorio
STU0854,81.7,72.9,63.4,49.2,61.7,70,Regular,64.7,Satisfactorio
STU0855,81.8,75.9,78.2,61.2,74.9,78.8,Bueno,71.5,Regular
STU0856,58.3,53.5,53.4,59.8,86.8,66.7,Regular,54.9,Satisfactorio
STU0857,52,81.8,55.8,43.2,74.7,59.4,Regular,51.2,Bajo
STU0858,72.1,58.6,62.1,68,74.9,69.7,Regular,61.5,Regular
STU0859,55.4,70.1,77.8,54.7,62.6,61.6,Regular,59.2,Satisfactorio
STU0860,71.5,66.8,63.8,62.8,60.8,64.7,Regular,65,Satisfactorio
STU0861,66.3,58.8,53.6,59.4,59.1,60.8,Regular,62.1,Regular
STU0862,44.3,72.1,72.6,51.6,52.7,56.2,Bajo,65.4,Regular
STU0863,82.6,75.9,47,60.3,55.9,61.8,Regular,62.3,Satisfactorio
STU0864,90.9,39.7,74.9,58.8,43.5,63.4,Regular,52.6,Bajo
STU0865,52.8,76.7,68.4,55.1,61.7,65.5,Regular,59.8,Satisfactorio
STU0866,57.8,40.7,58.9,51.1,38.8,50.6,Bajo,48.3,Bajo
STU0867,66.9,76.3,53.2,65.1,65.7,66.9,Regular,65.5,Satisfactorio
STU0868,69.5,74.3,52.1,88.5,62.8,70.4,Bueno,69.2,Regular
STU0869,73.3,48,69.8,65.9,65.4,60.7,Regular,61.9,Satisfactorio
STU0870,92.4,59.1,80,74.2,57.8,70.2,Bueno,73.9,Regular
STU0871,61.2,46.6,55.4,43.9,93,57.9,Regular,59.4,Satisfactorio
STU0872,50.2,62.1,66.3,66.2,79.3,66.9,Regular,63.5,Regular
STU0873,46.2,60.9,34.8,50.4,47.8,44.2,Bajo,45.6,Bajo
STU0874,53.9,70.1,54.8,44.2,64.7,57.2,Bajo,51.2,Satisfactorio
STU0875,64.2,79.1,65.7,55.3,57.8,59.2,Regular,66.1,Regular
STU0876,84.4,81.8,51.8,82.2,50.5,70.6,Bueno,63.4,Regular
STU0877,55.8,58,53.1,79.2,45.4,53.8,Bajo,48.5,Bajo
STU0878,63.8,60.4,54.8,69.2,66,61.1,Regular,67.2,Regular
STU0879,62.7,40.3,66,40.2,53.3,53,Bajo,52,Bajo
STU0880,82.9,53.9,63.6,58.7,74.2,68.3,Regular,64.6,Regular
STU0881,93.5,77.7,33.7,68,78.5,68.5,Bueno,58.2,Satisfactorio
STU0882,52.8,89,35.7,68.6,80.4,67.6,Regular,68,Regular
STU0883,56.3,46.2,54.4,39.5,53.2,50.4,Bajo,51.9,Bajo
STU0884,79.6,57.3,65.6,53.7,67.1,62.3,Regular,58.9,Satisfactorio
STU0885,75.1,65.1,25.3,61.2,69.3,56,Regular,51.1,Bajo
STU0886,91.3,68.7,54.1,72.5,59.3,66,Bueno,75.9,Bueno
STU0887,67.6,51.2,58.4,31.7,54,53.9,Bajo,50.2,Bajo
STU0888,61,68.8,85.2,61.5,86.1,68.7,Bueno,64.8,Regular
STU0889,73.7,57.4,58.6,67.5,63.9,61.8,Regular,54.9,Bajo
STU0890,79.1,65.6,67.2,77.6,67.7,68.8,Bueno,70.3,Regular
STU0891,73.4,67.2,64.5,75,52.6,64.2,Regular,64.6,Regular
STU0892,68.7,60.5,32.7,67.6,48.6,56.6,Bajo,58.5,Satisfactorio
STU0893,75.2,56.4,76.1,50.5,54,66,Regular,57,Satisfactorio
STU0894,81.6,62.6,69.4,37.7,61,60.1,Regular,53.1,Satisfactorio
STU0895,78.6,63.8,72.8,55.4,50.5,60.6,Regular,63.5,Regular
STU0896,71.8,54.9,94,78.2,61.9,73,Bueno,72.7,Bueno
STU0897,63.7,59.2,34.5,80.4,41.3,56.3,Bajo,46.5,Bajo
STU0898,67.2,81.5,85.7,70.5,46.7,73.6,Bueno,75.5,Bueno
STU0899,76.1,71.1,56.1,69.2,74.9,70.8,Bueno,66.6,Regular
STU0900,53,56.6,64,69.3,74.4,61.8,Regular,69.8,Regular
STU0901,65.8,72.9,62.5,53.8,58.5,63.6,Regular,63.7,Satisfactorio
STU0902,58.5,58.3,55.3,62.2,49.1,55.7,Bajo,46.6,Insuficiente
STU0903,65,75,53.9,84.8,48.3,69.9,Regular,64.9,Regular
STU0904,80.2,67.6,68.5,52.6,59.9,61.5,Regular,70.3,Regular
STU0905,65.8,64.6,44.7,82.8,71.4,65.2,Regular,63,Satisfactorio
STU0906,61.9,71.6,75.7,58.9,77.3,69.9,Bueno,65.2,Regular
STU0907,43.9,40.3,57.9,84.7,57.7,53.2,Bajo,54.8,Satisfactorio
STU0908,71.4,50.4,47.6,46.3,47.1,49.6,Bajo,36.9,Insuficiente
STU0909,71.4,47.1,54.1,69.5,69.8,62.9,Regular,72.2,Regular
STU0910,90.3,65.2,79.2,53.9,53.8,67.9,Bueno,61.6,Regular
STU0911,57.8,87.9,53.1,41.9,57.8,63.3,Regular,60.8,Satisfactorio
STU0912,63.6,85.3,64.9,65.2,80.6,78,Bueno,75.8,Bueno
STU0913,66.7,70.6,52.8,74.6,76,67.9,Bueno,77.4,Bueno
STU0914,85.1,67.8,71.7,48.8,66.7,68.8,Bueno,72,Regular
STU0915,62.1,37.1,70.8,40.9,47.3,50.1,Bajo,53.7,Bajo
STU0916,63.9,56.7,89.8,61.7,62.6,71,Bueno,64.6,Regular
STU0917,68.4,53,62.7,62.3,78.3,61.7,Regular,66.3,Regular
STU0918,65.5,51.7,72.3,73.9,59.5,64.6,Regular,57.8,Satisfactorio
STU0919,54.1,58.9,66,75.1,79.2,64.5,Bueno,67.7,Regular
STU0920,65.5,54.9,79.9,61.8,83.9,71.9,Bueno,63.9,Regular
STU0921,79.5,38.2,52,92.6,84.6,67.8,Bueno,69.9,Bueno
STU0922,49.2,76.6,72.6,63.5,63.4,66.2,Regular,67.7,Regular
STU0923,61.9,50.2,59.6,58.9,74.5,61.6,Regular,65.1,Regular
STU0924,52.4,62.9,63.7,39.8,86.1,60.8,Regular,64.3,Satisfactorio
STU0925,75.3,87.3,63.1,57.3,67.9,68.6,Bueno,63,Regular
STU0926,40.4,50.5,69.2,58.3,58.6,54.3,Bajo,51,Bajo
STU0927,54.7,30.4,63.5,76,54.1,56.4,Bajo,59.2,Satisfactorio
STU0928,66.5,58.5,67.4,69.9,68.3,62.3,Regular,69.2,Regular
STU0929,85.3,82,86.9,45.6,47.1,71,Bueno,73.3,Bueno
STU0930,65.5,93.6,73.7,63.4,58.2,68.1,Bueno,71.2,Bueno
STU0931,58.3,44.9,71.9,69.7,77.7,67.2,Regular,58.6,Satisfactorio
STU0932,86.2,66,59,86.2,34.5,64.2,Regular,65,Satisfactorio
STU0933,45.5,53.6,53.7,72.2,85,59.6,Regular,62.1,Satisfactorio
STU0934,31.8,58.7,80,76.7,80.3,63.2,Regular,51.7,
STU0935,69.2,88.9,77.4,61.6,53.8,72.7,Bueno,78.5,Bueno
STU0936,58.8,42.4,82.9,70.9,70.8,65.3,Regular,65.9,Regular
STU0937,48.7,70.1,53.3,78,64,65.8,Regular,66.3,Regular
STU0938,68.9,71.3,61.1,46.6,78.9,67.8,Regular,59.1,Satisfactorio
STU0939,64.8,77.1,41.4,58.8,75.7,67.4,Regular,72.7,Regular
STU0940,53,67.3,56.4,50.1,45.2,55.6,Bajo,64.4,Regular
STU0941,43.8,63.9,74.4,71.2,69.6,66.3,Regular,59.9,Satisfactorio
STU0942,78.5,59.7,54.9,80,61.6,66.7,Regular,66.6,Regular
STU0943,69.8,68.3,74.7,56.5,61.1,65.2,Regular,65.6,Regular
STU0944,61,59.2,58.4,30.7,55.4,55.1,Bajo,45.7,Bajo
STU0945,83.7,72.9,64.6,55.8,89,78,Bueno,79.7,Bueno
STU0946,47.3,59.9,48.2,75.3,75.1,63.9,Regular,65.7,Regular
STU0947,42.5,67.8,61.9,72.8,51.2,58.3,Regular,56.5,Satisfactorio
STU0948,52.5,63.2,23.5,67.5,44.9,49.7,Bajo,56.8,Satisfactorio
STU0949,59.6,77.4,63.3,59.6,56.1,61.5,Regular,56.1,Satisfactorio
STU0950,63.4,63.9,41.4,43.7,65.8,55.7,Bajo,48.1,Bajo
STU0951,62.5,37.5,80.9,72.5,68.2,63.4,Regular,65.2,Regular
STU0952,69.1,83.3,75.2,51.3,80.4,71.8,Bueno,68.8,Regular
STU0953,44.1,49.3,70.6,87.6,76.5,68.7,Regular,63.8,Satisfactorio
STU0954,79.7,55.7,87.6,73.6,73.1,72.3,Bueno,79.2,Bueno
STU0955,61.5,54.8,49.3,56.8,64.7,59.2,Bajo,59,Satisfactorio
STU0956,82.3,82.7,88,54.5,46.3,66.8,Bueno,75.2,Bueno
STU0957,66.3,33,75.1,60.1,59.3,60.9,Regular,57.3,Satisfactorio
STU0958,70.7,89.3,58.2,60.6,79,71.5,Bueno,71.3,Bueno
STU0959,67.3,76.9,76.9,74.6,65.1,75.5,Bueno,69.7,Regular
STU0960,66.6,63.4,48.5,68.5,70.3,65.6,Regular,74.6,Bueno
STU0961,69.5,65.2,50,53.6,58.1,62.2,Regular,56.9,Satisfactorio
STU0962,84.6,63.4,52.9,88.9,50.6,64.8,Bueno,78.9,Bueno
STU0963,68.1,69.5,53.1,67.2,63.1,60.2,Regular,65.8,Regular
STU0964,75.7,71.2,46.8,73.6,63.5,65.4,Regular,63.4,Satisfactorio
STU0965,58.4,71.2,81.4,54.4,55.3,67.1,Regular,74.2,Regular
STU0966,82.9,61.8,59,64.1,61.2,68.4,Regular,69.9,Regular
STU0967,55.9,61.8,65.6,64.2,47.7,61.7,Regular,61,Regular
STU0968,89,63.6,53,36.9,81,64.3,Regular,71,Regular
STU0969,60.8,60.7,36.3,94.5,60,62.2,Regular,63.6,Regular
STU0970,44.6,76.3,63.9,76.5,79.8,67.6,Bueno,67.3,Regular
STU0971,62.4,72.6,37.6,58.8,83.9,64.3,Regular,63.8,Regular
STU0972,54.9,24.3,61.9,50.5,64.6,51.4,Bajo,50,Bajo
STU0973,74.9,69.5,43.3,68.2,50.3,62.8,Regular,62.7,Regular
STU0974,56.9,69.2,86.9,64.3,36.3,63.5,Regular,49.5,Bajo
STU0975,54.7,61.3,75.5,67.7,40.9,58,Regular,65.2,Regular
STU0976,36.2,59.7,66.5,64.3,44.9,51.4,Bajo,53.4,Bajo
STU0977,56.8,74.5,76.5,72.5,82.8,72.3,Bueno,83.8,Bueno
STU0978,28.7,72.3,53.5,86,67.5,58.2,Regular,65.9,Regular
STU0979,42,52.9,69.6,74,70.3,57.8,Regular,59,Satisfactorio
STU0980,71,72.2,67,48.1,33.8,55.2,Bajo,59.2,Satisfactorio
STU0981,77.1,47.6,63.2,85.2,46.7,65,Regular,59.9,Satisfactorio
STU0982,71.2,44,76.1,85.1,78.5,69.7,Bueno,79.4,Bueno
STU0983,48,54.9,75.4,93.1,64.9,68.6,Regular,73.6,Bueno
STU0984,64.4,76.1,67.2,45.5,58.1,64.6,Regular,65.3,Regular
STU0985,65.4,75.8,40.8,63.3,67.2,64.1,Regular,70.5,Regular
STU0986,45.3,67.5,52.8,35.6,85.8,59.2,Bajo,56.7,Satisfactorio
STU0987,87.6,71.6,63,74,61.8,67.2,Bueno,63.4,Regular
STU0988,75,70.6,60.8,57.5,66,67.2,Regular,68.3,Regular
STU0989,60.8,51.9,47.1,89.8,62.4,66.5,Regular,67.4,Regular
STU0990,62.9,67.9,94.6,53.1,88.5,71.3,Bueno,70.1,Regular
STU0991,67.1,77.1,84.2,41.9,32.9,59.8,Regular,63.3,Satisfactorio
STU0992,34.4,73.2,72.6,54.7,69.3,60.5,Regular,66.3,Regular
STU0993,59.2,76.7,66.6,37.4,58.8,63.3,Regular,54,Satisfactorio
STU0994,53.9,73,63.4,70.5,71.8,65.8,Regular,67,Regular
STU0995,48.4,64.3,50,35.5,51.4,50.5,Bajo,56.4,Satisfactorio
STU0996,61.7,74.5,65,62.3,62.5,67.5,Regular,65.3,Regular
STU0997,91.5,63.2,66.1,35.2,70.6,62.4,Regular,67.9,Regular
STU0998,75.3,52.8,46,55.8,86.7,61.1,Regular,59.3,Satisfactorio
STU0999,55.7,61,70.1,89.6,70.2,70.5,Bueno,72.7,Regular
STU1000,74,50.4,60.4,66.6,49.2,61.8,Regular,54.8,Satisfactorio
